105.154.12.165,APT31
105.157.234.0,APT31
105.159.122.85,APT31
110.36.231.150,APT31
115.133.136.29,APT31
115.31.133.26,APT31
119.110.222.94,APT31
121.121.46.10,APT31
122.154.56.106,APT31
125.25.204.59,APT31
125.31.50.150,APT31
141.101.253.109,APT31
147.50.50.50,APT31
154.181.248.88,APT31
154.182.91.196,APT31
156.222.101.141,APT31
156.222.156.41,APT31
156.222.19.219,APT31
156.222.191.87,APT31
156.222.199.111,APT31
156.222.200.181,APT31
156.222.223.10,APT31
156.222.224.102,APT31
156.222.227.118,APT31
156.222.38.116,APT31
156.222.38.228,APT31
156.222.65.235,APT31
156.222.78.64,APT31
156.222.94.34,APT31
160.178.109.226,APT31
160.178.113.149,APT31
160.178.122.34,APT31
160.179.31.245,APT31
171.103.162.14,APT31
176.121.49.36,APT31
178.149.149.64,APT31
178.206.229.139,APT31
178.252.136.130,APT31
181.114.56.146,APT31
181.143.127.50,APT31
182.52.218.11,APT31
185.125.231.175,APT31
185.13.46.161,APT31
185.135.233.135,APT31
185.233.186.152,APT31
185.244.45.123,APT31
186.18.129.164,APT31
186.188.226.99,APT31
189.121.150.254,APT31
189.89.55.24,APT31
190.215.240.102,APT31
190.215.241.146,APT31
192.162.103.168,APT31
193.242.176.251,APT31
194.5.79.21,APT31
195.91.209.21,APT31
195.91.239.226,APT31
196.206.181.146,APT31
196.217.199.166,APT31
196.64.185.13,APT31
197.52.253.45,APT31
197.53.100.117,APT31
197.53.106.152,APT31
197.53.122.134,APT31
197.53.122.144,APT31
197.53.21.0,APT31
197.53.21.180,APT31
197.53.21.198,APT31
197.53.56.168,APT31
197.53.6.226,APT31
197.53.60.223,APT31
197.53.70.114,APT31
197.53.78.134,APT31
197.53.98.19,APT31
2.176.206.42,APT31
2.176.220.97,APT31
2.176.234.36,APT31
2.50.208.83,APT31
2.50.210.146,APT31
2.50.217.75,APT31
2.50.252.96,APT31
200.125.167.170,APT31
201.156.106.72,APT31
201.164.47.86,APT31
201.164.47.90,APT31
203.114.106.194,APT31
203.151.67.66,APT31
203.156.162.146,APT31
208.26.93.179,APT31
210.86.173.106,APT31
212.164.223.156,APT31
213.24.124.154,APT31
217.131.2.188,APT31
217.66.21.23,APT31
217.72.4.161,APT31
219.92.167.217,APT31
219.94.88.113,APT31
219.95.129.5,APT31
23.111.204.172,APT31
23.111.204.33,APT31
31.184.198.158,APT31
37.110.66.249,APT31
37.230.147.163,APT31
41.141.191.244,APT31
41.141.68.24,APT31
41.233.81.90,APT31
41.233.86.14,APT31
41.250.135.152,APT31
41.251.47.226,APT31
41.251.49.41,APT31
41.251.68.5,APT31
41.251.84.81,APT31
45.135.232.165,APT31
45.156.23.115,APT31
45.156.23.129,APT31
45.156.24.29,APT31
46.188.5.39,APT31
46.39.255.60,APT31
49.0.114.254,APT31
5.143.219.230,APT31
5.250.232.108,APT31
5.8.16.49,APT31
60.249.95.79,APT31
77.238.243.149,APT31
77.37.239.252,APT31
77.51.8.232,APT31
79.104.38.166,APT31
79.174.160.226,APT31
80.87.145.183,APT31
81.25.49.97,APT31
81.25.50.223,APT31
82.99.201.163,APT31
83.221.216.112,APT31
85.133.190.41,APT31
85.31.112.124,APT31
86.98.61.33,APT31
88.247.129.12,APT31
91.122.59.121,APT31
92.119.230.140,APT31
92.253.218.27,APT31
92.96.172.161,APT31
92.96.174.14,APT31
92.96.89.114,APT31
92.96.91.76,APT31
92.99.76.225,APT31
93.115.146.161,APT31
94.159.55.14,APT31
94.204.190.135,APT31
94.228.245.225,APT31
94.59.209.77,APT31
94.59.70.225,APT31
95.143.219.229,APT31
95.143.219.230,APT31
95.165.146.19,APT31
95.165.99.181,APT31
95.72.64.85,APT31
95.73.114.8,APT31
95.73.116.205,APT31
95.73.248.195,APT31
95.73.248.63,APT31
95.73.249.55,APT31